{"energy 1": {"_type": "histogram", "values": [2, 1, 2, 2, 2, 2, 2, 1, 1, 1, 1, 0, 1, 1, 1, 1, 1, 0, 1, 1, 1, 1, 1, 1, 1, 1, 1, 2, 1, 2, 2, 2], "bins": [-0.0036865663714706898, -0.0036057347897440195, -0.003524903440847993, -0.0034440718591213226, -0.0033632402773946524, -0.003282408695667982, -0.0032015773467719555, -0.0031207457650452852, -0.003039914183318615, -0.0029590828344225883, -0.002878251252695918, -0.002797419670969248, -0.0027165880892425776, -0.002635756740346551, -0.0025549251586198807, -0.0024740935768932104, -0.00239326199516654, -0.0023124306462705135, -0.0022315990645438433, -0.002150767482817173, -0.0020699361339211464, -0.001989104552194476, -0.0019082729704678059, -0.0018274415051564574, -0.001746610039845109, -0.0016657784581184387, -0.0015849469928070903, -0.00150411541108042, -0.0014232839457690716, -0.0013424523640424013, -0.0012616208987310529, -0.0011807893170043826, -0.0010999578516930342]}, "_timestamp": 1701375388.9761608, "_runtime": 45.984681844711304, "_step": 2, "energy 2": {"_type": "histogram", "values": [3, 3, 2, 1, 2, 9, 2, 1, 0, 1, 1, 0, 1, 1, 0, 1, 1, 0, 1, 0, 1, 1, 0, 1, 1, 1, 0, 1, 1, 1, 1, 1], "bins": [-0.001397121581248939, -0.0013741492293775082, -0.0013511769939213991, -0.0013282046420499682, -0.0013052322901785374, -0.0012822599383071065, -0.0012592875864356756, -0.0012363153509795666, -0.0012133429991081357, -0.0011903706472367048, -0.0011673984117805958, -0.001144426059909165, -0.001121453708037734, -0.0010984813561663032, -0.0010755090042948723, -0.0010525367688387632, -0.0010295644169673324, -0.0010065920650959015, -0.0009836198296397924, -0.0009606474777683616, -0.0009376751258969307, -0.0009147027740254998, -0.0008917304803617299, -0.0008687581866979599, -0.000845785834826529, -0.0008228134829550982, -0.0007998411892913282, -0.0007768688956275582, -0.0007538965437561274, -0.0007309241918846965, -0.0007079518982209265, -0.0006849796045571566, -0.0006620072526857257]}, "energy 3": {"_type": "histogram", "values": [1, 1, 1, 1, 1, 0, 1, 1, 1, 1, 1, 1, 1, 1, 1, 1, 2, 2, 4, 3, 1, 2, 1, 1, 1, 1, 1, 1, 1, 1, 1, 2], "bins": [-0.0018952683312818408, -0.0018357448279857635, -0.0017762214411050081, -0.0017166979378089309, -0.0016571744345128536, -0.0015976509312167764, -0.001538127544336021, -0.0014786040410399437, -0.0014190805377438664, -0.001359557150863111, -0.0013000336475670338, -0.0012405101442709565, -0.001180986757390201, -0.0011214632540941238, -0.0010619397507980466, -0.0010024162475019693, -0.000942892802413553, -0.0008833693573251367, -0.0008238459122367203, -0.0007643224089406431, -0.0007047989638522267, -0.0006452754605561495, -0.0005857520154677331, -0.0005262285703793168, -0.00046670506708323956, -0.00040718159289099276, -0.0003476581478025764, -0.00028813467361032963, -0.00022861119941808283, -0.00016908772522583604, -0.00010956425830954686, -5.004079139325768e-05, 9.482676432526205e-06]}, "_wandb": {"runtime": 13}}