{"reconstruction": {"_type": "image-file", "sha256": "2ec32ea0e44e3a3c765d1402f931c1c709643e91a1902784c63ac995d567a000", "size": 27906, "path": "media/images/reconstruction_0_2ec32ea0e44e3a3c765d.png", "format": "png", "width": 640, "height": 480}, "_timestamp": 1701380619.8946383, "_runtime": 15.027883291244507, "_step": 1, "evaluation": 0.42780792713165283, "_wandb": {"runtime": 14}}