{"reconstruction": {"_type": "image-file", "sha256": "fbb97f75f4deb043f0b56c8794111877706873fa06fdcb8ee072e81f8450cd88", "size": 28035, "path": "media/images/reconstruction_0_fbb97f75f4deb043f0b5.png", "format": "png", "width": 640, "height": 480}, "_timestamp": 1701378513.1576724, "_runtime": 13.935096502304077, "_step": 1, "evaluation": 0.4304512143135071, "_wandb": {"runtime": 13}}