{"reconstruction": {"_type": "image-file", "sha256": "23b21b6a3c2c961e18a7de6d53515928d655ac133b9bdbeee7359fb5bf8c7567", "size": 27937, "path": "media/images/reconstruction_0_23b21b6a3c2c961e18a7.png", "format": "png", "width": 640, "height": 480}, "_timestamp": 1701379736.6919606, "_runtime": 13.560304641723633, "_step": 1, "evaluation": 0.4305383861064911, "_wandb": {"runtime": 12}}