{"reconstruction": {"_type": "image-file", "sha256": "9c9a1a8a08b4b5e673269871156ddf44ede129d06b87d27c43002320776b7d48", "size": 27944, "path": "media/images/reconstruction_0_9c9a1a8a08b4b5e67326.png", "format": "png", "width": 640, "height": 480}, "_timestamp": 1701380089.9650834, "_runtime": 13.856740474700928, "_step": 1, "evaluation": 0.42446309328079224, "_wandb": {"runtime": 13}}