{"energy 1": [-0.0010999578516930342, -0.0011399597860872746, -0.0011822808301076293, -0.001227211789228022, -0.0012749263551086187, -0.0013256203383207321, -0.0013795169070363045, -0.0014367946423590183, -0.0014976108213886619, -0.001562124234624207], "_timestamp": 1701375924.09121, "_runtime": 16.97161293029785, "_step": 4, "energy 2": [0.001276687951758504, 0.001086208620108664, 0.0009075790294446051, 0.0007447763346135616, 0.0006002251175232232, 0.00047486802213825285, 0.00036837341031059623, 0.0002794394677039236, 0.00020614051027223468, 0.0001462529180571437], "energy 3": [0.00375236920081079, 0.0037150913849473, 0.0036791181191802025, 0.003639081958681345, 0.0035952781327068806, 0.0035473539028316736, 0.003492891089990735, 0.0034272652119398117, 0.0033459120895713568, 0.003245234489440918], "reconstruction": {"_type": "image-file", "sha256": "c490ef72e7ee43e00cd474fece0331604391928e2b74affc3121d4fa9b89356f", "size": 2306, "path": "media/images/reconstruction_3_c490ef72e7ee43e00cd4.png", "format": "png", "width": 640, "height": 480}, "evaluation": 0.28694555163383484, "_wandb": {"runtime": 13}}