{"reconstruction": {"_type": "image-file", "sha256": "9eedd28ba50c79e30702d7525798bb46382686206dc6e54ad9e88f87770c558a", "size": 27952, "path": "media/images/reconstruction_0_9eedd28ba50c79e30702.png", "format": "png", "width": 640, "height": 480}, "_timestamp": 1701379846.9634328, "_runtime": 29.327610731124878, "_step": 1, "evaluation": 0.4287295341491699, "_wandb": {"runtime": 17}}