{"reconstruction": {"_type": "image-file", "sha256": "bd0c6e3bfb70aa57967af13650c9e29056a4c744e70cd1aa644fd79e0ddb89dd", "size": 30157, "path": "media/images/reconstruction_0_bd0c6e3bfb70aa57967a.png", "format": "png", "width": 640, "height": 480}, "_timestamp": 1701381048.4540372, "_runtime": 13.935155153274536, "_step": 1, "evaluation": 0.38913848996162415, "_wandb": {"runtime": 13}}