{"reconstruction": {"_type": "image-file", "sha256": "9bf3659485f8730b153dee0198015bdb3566d9dc1489e614be8f575223fac630", "size": 27940, "path": "media/images/reconstruction_0_9bf3659485f8730b153d.png", "format": "png", "width": 640, "height": 480}, "_timestamp": 1701378717.4486465, "_runtime": 13.923903465270996, "_step": 1, "evaluation": 0.42345279455184937, "_wandb": {"runtime": 13}}