{"reconstruction": {"_type": "image-file", "sha256": "f3c5a171c3a4e5fddf05d716fd07a8ccc659635d08b521a9ec94be4c89e0bed6", "size": 27978, "path": "media/images/reconstruction_0_f3c5a171c3a4e5fddf05.png", "format": "png", "width": 640, "height": 480}, "_timestamp": 1701378380.8954427, "_runtime": 13.601882696151733, "_step": 1, "evaluation": 0.4253404438495636, "_wandb": {"runtime": 13}}