{"reconstruction": {"_type": "image-file", "sha256": "fc27cf541350f90d874bfe127bfbb4f329852b47c68145202ffc28a3b3ba36e8", "size": 27966, "path": "media/images/reconstruction_0_fc27cf541350f90d874b.png", "format": "png", "width": 640, "height": 480}, "_timestamp": 1701378196.8436558, "_runtime": 13.497355937957764, "_step": 1, "evaluation": 0.4268330931663513, "_wandb": {"runtime": 12}}