{"reconstruction": {"_type": "image-file", "sha256": "fa1db131ed9d080d976b1e26a783db2c30705d7fb9a8a9240ff09a5595fe25b9", "size": 30288, "path": "media/images/reconstruction_0_fa1db131ed9d080d976b.png", "format": "png", "width": 640, "height": 480}, "_timestamp": 1701381370.6646483, "_runtime": 13.844322204589844, "_step": 1, "evaluation": 0.3844626545906067, "_wandb": {"runtime": 13}}