{"reconstruction": {"_type": "image-file", "sha256": "135bceec193a5daf48381aaacd53e61dc2d7932b5915ce94006306d80d7605cb", "size": 28472, "path": "media/images/reconstruction_0_135bceec193a5daf4838.png", "format": "png", "width": 640, "height": 480}, "_timestamp": 1701380941.5748734, "_runtime": 13.913000345230103, "_step": 1, "evaluation": 0.3906996548175812, "_wandb": {"runtime": 13}}