{"reconstruction": {"_type": "image-file", "sha256": "7cf6766468da0f72e723fc74bf804a950868144acf2b98581baedb4e20aafeaf", "size": 27848, "path": "media/images/reconstruction_0_7cf6766468da0f72e723.png", "format": "png", "width": 640, "height": 480}, "_timestamp": 1701379087.6345184, "_runtime": 13.593827486038208, "_step": 1, "evaluation": 0.4247543215751648, "_wandb": {"runtime": 12}}