{"reconstruction": {"_type": "image-file", "sha256": "2a3cce7e2a0270b86fe42afabc4411cacc3f2df1732788d380d4df764806554c", "size": 27943, "path": "media/images/reconstruction_0_2a3cce7e2a0270b86fe4.png", "format": "png", "width": 640, "height": 480}, "_timestamp": 1701380274.6254003, "_runtime": 14.332366228103638, "_step": 1, "evaluation": 0.42381447553634644, "_wandb": {"runtime": 13}}