{"reconstruction": {"_type": "image-file", "sha256": "f623497df3a00eba78ba689f6b48fb6ed582167a78dc89f81979fa51264a4dff", "size": 27808, "path": "media/images/reconstruction_0_f623497df3a00eba78ba.png", "format": "png", "width": 640, "height": 480}, "_timestamp": 1701379113.9750144, "_runtime": 13.632148504257202, "_step": 1, "evaluation": 0.43201178312301636, "_wandb": {"runtime": 13}}