{"reconstruction": {"_type": "image-file", "sha256": "a47927da85d5adc905871a6087d8baacfcb0ecbdf880b77ab5b820de9b4706f8", "size": 27894, "path": "media/images/reconstruction_0_a47927da85d5adc90587.png", "format": "png", "width": 640, "height": 480}, "_timestamp": 1701380785.6309266, "_runtime": 17.10321569442749, "_step": 1, "evaluation": 0.42818382382392883, "_wandb": {"runtime": 16}}