{"reconstruction": {"_type": "image-file", "sha256": "80de5e224bceb4cb3c181858c9a8e820ca6b28cf9e73b29bab0939be11d3a9e3", "size": 27889, "path": "media/images/reconstruction_0_80de5e224bceb4cb3c18.png", "format": "png", "width": 640, "height": 480}, "_timestamp": 1701380732.7026923, "_runtime": 16.677679300308228, "_step": 1, "evaluation": 0.42768871784210205, "_wandb": {"runtime": 16}}