{"reconstruction": {"_type": "image-file", "sha256": "ab99862a3a00c6663444b23fa1c9dd147cd2b50bbd159d52e91616caacf4dd76", "size": 27920, "path": "media/images/reconstruction_0_ab99862a3a00c6663444.png", "format": "png", "width": 640, "height": 480}, "_timestamp": 1701378619.1472998, "_runtime": 13.960383653640747, "_step": 1, "evaluation": 0.42848488688468933, "_wandb": {"runtime": 13}}