{"reconstruction": {"_type": "image-file", "sha256": "4f117f0bd6d04f2e2b472933901c227ab1df4b8cb0e9ce389272b77a3d24b3c6", "size": 27941, "path": "media/images/reconstruction_0_4f117f0bd6d04f2e2b47.png", "format": "png", "width": 640, "height": 480}, "_timestamp": 1701380407.5340846, "_runtime": 14.728979587554932, "_step": 1, "evaluation": 0.423755019903183, "_wandb": {"runtime": 13}}