{"reconstruction": {"_type": "image-file", "sha256": "f4211c039d51f63bcf638b27a602d72c3f1107a6f1779319831e36cdddaecfe7", "size": 27832, "path": "media/images/reconstruction_0_f4211c039d51f63bcf63.png", "format": "png", "width": 640, "height": 480}, "_timestamp": 1701379272.519688, "_runtime": 13.668715953826904, "_step": 1, "evaluation": 0.4285773038864136, "_wandb": {"runtime": 13}}