{"reconstruction": {"_type": "image-file", "sha256": "99d2854c4704dec195084c3c9f87701377a99834d9dfd98e8541f9ad2fea03ac", "size": 27969, "path": "media/images/reconstruction_0_99d2854c4704dec19508.png", "format": "png", "width": 640, "height": 480}, "_timestamp": 1701378407.4405882, "_runtime": 13.836281299591064, "_step": 1, "evaluation": 0.4253312349319458, "_wandb": {"runtime": 13}}