{"reconstruction": {"_type": "image-file", "sha256": "1d4a4dadbde1d1b4dc9d47442e5a76629703f3663d12f2a2d074cb0faabce977", "size": 30149, "path": "media/images/reconstruction_0_1d4a4dadbde1d1b4dc9d.png", "format": "png", "width": 640, "height": 480}, "_timestamp": 1701381118.966563, "_runtime": 19.93130588531494, "_step": 1, "evaluation": 0.38776490092277527, "_wandb": {"runtime": 15}}