{"reconstruction": {"_type": "image-file", "sha256": "a9f632ab7d26ab429c58dde2c89b26962dd33ca60c7d8bd2e13f83f3e84746b8", "size": 27977, "path": "media/images/reconstruction_0_a9f632ab7d26ab429c58.png", "format": "png", "width": 640, "height": 480}, "_timestamp": 1701378644.9515793, "_runtime": 13.513638257980347, "_step": 1, "evaluation": 0.4279991388320923, "_wandb": {"runtime": 12}}