{"reconstruction": {"_type": "image-file", "sha256": "fd483cdd0504690d448a275aa15cedb6f525f0715c4726851b5274bb9952dba4", "size": 27966, "path": "media/images/reconstruction_0_fd483cdd0504690d448a.png", "format": "png", "width": 640, "height": 480}, "_timestamp": 1701380010.709935, "_runtime": 13.927202939987183, "_step": 1, "evaluation": 0.42700958251953125, "_wandb": {"runtime": 13}}