{"reconstruction": {"_type": "image-file", "sha256": "47f5aa23a9a644f46d6d7dc4647ca53c81a05810c5b3699677dbbac1902fca93", "size": 27820, "path": "media/images/reconstruction_0_47f5aa23a9a644f46d6d.png", "format": "png", "width": 640, "height": 480}, "_timestamp": 1701378955.8498616, "_runtime": 13.767345666885376, "_step": 1, "evaluation": 0.43254879117012024, "_wandb": {"runtime": 13}}