{"reconstruction": {"_type": "image-file", "sha256": "0725efa8fd56d7eefe6f8afd059e0c85871f836009d4cec9c49c2047900e0cbc", "size": 27961, "path": "media/images/reconstruction_0_0725efa8fd56d7eefe6f.png", "format": "png", "width": 640, "height": 480}, "_timestamp": 1701378276.6458333, "_runtime": 14.130251169204712, "_step": 1, "evaluation": 0.42394471168518066, "_wandb": {"runtime": 13}}