{"reconstruction": {"_type": "image-file", "sha256": "b7353cf0b2580114fa44c4a427a9e93f79f1264c72e243b4f6e511107a23230f", "size": 27909, "path": "media/images/reconstruction_0_b7353cf0b2580114fa44.png", "format": "png", "width": 640, "height": 480}, "_timestamp": 1701378592.161987, "_runtime": 13.687904119491577, "_step": 1, "evaluation": 0.4288516044616699, "_wandb": {"runtime": 12}}