{"reconstruction": {"_type": "image-file", "sha256": "5043db0d286616ee320eb164b47fe4285963d695270d597d7f50939998ca08c6", "size": 28042, "path": "media/images/reconstruction_0_5043db0d286616ee320e.png", "format": "png", "width": 640, "height": 480}, "_timestamp": 1701379325.2243264, "_runtime": 13.609020471572876, "_step": 1, "evaluation": 0.4303167164325714, "_wandb": {"runtime": 12}}