{"reconstruction": {"_type": "image-file", "sha256": "fc9e4c6d1d1988cb4064224c9ebddf1369087ed3188ae5d424873d537ea59775", "size": 27891, "path": "media/images/reconstruction_0_fc9e4c6d1d1988cb4064.png", "format": "png", "width": 640, "height": 480}, "_timestamp": 1701378823.4361482, "_runtime": 13.751488208770752, "_step": 1, "evaluation": 0.43003302812576294, "_wandb": {"runtime": 13}}