{"reconstruction": {"_type": "image-file", "sha256": "7998be68bb9ee3259e12b363e2f6a439de5cc016073ad1e2777b9c0d17797b43", "size": 27939, "path": "media/images/reconstruction_0_7998be68bb9ee3259e12.png", "format": "png", "width": 640, "height": 480}, "_timestamp": 1701379710.3979294, "_runtime": 13.655364513397217, "_step": 1, "evaluation": 0.4305473566055298, "_wandb": {"runtime": 13}}