{"reconstruction": {"_type": "image-file", "sha256": "0afe16e807b8dcfdc19257ca514202003c375c0720792967a54e733aa4f795bb", "size": 30763, "path": "media/images/reconstruction_0_0afe16e807b8dcfdc192.png", "format": "png", "width": 640, "height": 480}, "_timestamp": 1701381317.4993222, "_runtime": 13.631721258163452, "_step": 1, "evaluation": 0.3846396207809448, "_wandb": {"runtime": 12}}