{"energy 1": {"_type": "histogram", "values": [149, 2, 2, 1, 1, 1, 2, 1, 1, 2, 2, 3, 3, 2, 2, 1, 2, 1, 1, 1, 1, 1, 2, 1, 1, 2, 1, 2, 1, 2, 3, 3], "bins": [-0.004719773307442665, -0.0046066539362072945, -0.004493535030633211, -0.0043804156593978405, -0.00426729628816247, -0.004154176916927099, -0.004041058011353016, -0.003927938640117645, -0.0038148195017129183, -0.0037017001304775476, -0.0035885809920728207, -0.0034754618536680937, -0.003362342482432723, -0.003249223344027996, -0.0031361039727926254, -0.0030229848343878984, -0.0029098656959831715, -0.002796746324747801, -0.002683627186343074, -0.002570507815107703, -0.0024573886767029762, -0.0023442693054676056, -0.0022311501670628786, -0.0021180310286581516, -0.002004911657422781, -0.001891792519018054, -0.0017786732641980052, -0.0016655540093779564, -0.0015524347545579076, -0.0014393154997378588, -0.0013261963613331318, -0.001213077106513083, -0.0010999578516930342]}, "_timestamp": 1701375137.5845463, "_runtime": 74.96152830123901, "_step": 2, "energy 2": {"_type": "histogram", "values": [116, 10, 3, 2, 3, 4, 3, 3, 1, 2, 2, 1, 1, 1, 2, 1, 1, 1, 1, 2, 1, 3, 2, 3, 3, 2, 2, 3, 3, 4, 6, 8], "bins": [-0.0035023109521716833, -0.003406599862501025, -0.0033108890056610107, -0.0032151779159903526, -0.003119467059150338, -0.00302375596947968, -0.0029280451126396656, -0.0028323340229690075, -0.0027366229332983494, -0.002640912076458335, -0.002545200986787677, -0.0024494901299476624, -0.0023537790402770042, -0.00225806818343699, -0.0021623570937663317, -0.002066646236926317, -0.001970935147255659, -0.0018752241740003228, -0.0017795132007449865, -0.0016838022274896502, -0.001588091254234314, -0.0014923801645636559, -0.0013966691913083196, -0.0013009582180529833, -0.001205247244797647, -0.0011095362715423107, -0.0010138252982869744, -0.0009181142668239772, -0.000822403293568641, -0.0007266923203133047, -0.0006309812888503075, -0.0005352703155949712, -0.0004395593423396349]}, "energy 3": {"_type": "histogram", "values": [35, 4, 3, 4, 4, 5, 6, 8, 10, 10, 13, 9, 4, 4, 3, 2, 4, 4, 7, 7, 2, 1, 1, 1, 1, 1, 1, 2, 2, 2, 8, 32], "bins": [-0.0038328503724187613, -0.003712985198944807, -0.003593120025470853, -0.0034732548519968987, -0.003353389911353588, -0.003233524737879634, -0.0031136595644056797, -0.0029937943909317255, -0.0028739292174577713, -0.002754064043983817, -0.002634198870509863, -0.0025143339298665524, -0.002394468756392598, -0.002274603582918644, -0.0021547384094446898, -0.0020348732359707355, -0.0019150080624967813, -0.001795143005438149, -0.0016752778319641948, -0.0015554126584902406, -0.0014355476014316082, -0.001315682427957654, -0.0011958172544836998, -0.0010759520810097456, -0.0009560869657434523, -0.000836221850477159, -0.0007163567352108657, -0.0005964915617369115, -0.0004766264173667878, -0.00035676127299666405, -0.00023689614317845553, -0.00011703099880833179, 2.834139650076395e-06]}, "_wandb": {"runtime": 67}}