{"reconstruction": {"_type": "image-file", "sha256": "9f207b631b1f5de06a5b68e29e4881b81ee876f0fe72c096198fc9618124e34b", "size": 27925, "path": "media/images/reconstruction_0_9f207b631b1f5de06a5b.png", "format": "png", "width": 640, "height": 480}, "_timestamp": 1701380540.6668265, "_runtime": 15.119529485702515, "_step": 1, "evaluation": 0.4275583326816559, "_wandb": {"runtime": 14}}