{"reconstruction": {"_type": "image-file", "sha256": "6ecb9e06769999a35dfa92bdeccdc44caf5211a9733d9e6cc50978b17569be44", "size": 28469, "path": "media/images/reconstruction_0_6ecb9e06769999a35dfa.png", "format": "png", "width": 640, "height": 480}, "_timestamp": 1701380914.9187162, "_runtime": 13.622109174728394, "_step": 1, "evaluation": 0.38829946517944336, "_wandb": {"runtime": 13}}