{"reconstruction": {"_type": "image-file", "sha256": "d61a4e8723d9309bb784f79a3d5157e5560d2f617a7abf12b56a60089c0602a2", "size": 27975, "path": "media/images/reconstruction_0_d61a4e8723d9309bb784.png", "format": "png", "width": 640, "height": 480}, "_timestamp": 1701380967.7413669, "_runtime": 13.755178928375244, "_step": 1, "evaluation": 0.43571150302886963, "_wandb": {"runtime": 13}}