{"reconstruction": {"_type": "image-file", "sha256": "e276f5c4e966321d6c509354c069b367b333d9ccb751fa9b3de08490eb704134", "size": 27808, "path": "media/images/reconstruction_0_e276f5c4e966321d6c50.png", "format": "png", "width": 640, "height": 480}, "_timestamp": 1701378929.2831903, "_runtime": 13.80454134941101, "_step": 1, "evaluation": 0.43199774622917175, "_wandb": {"runtime": 13}}