{"reconstruction": {"_type": "image-file", "sha256": "e546bb0277c2a789afdb14505bf9a5a386e7e36795ff1adbbc8f56eeb3bda3d4", "size": 27965, "path": "media/images/reconstruction_0_e546bb0277c2a789afdb.png", "format": "png", "width": 640, "height": 480}, "_timestamp": 1701378143.6360478, "_runtime": 13.60494875907898, "_step": 1, "evaluation": 0.42679959535598755, "_wandb": {"runtime": 12}}