{"reconstruction": {"_type": "image-file", "sha256": "b446d68368c6bd775f781ccf59d403fa1fb36077724f5c83df85b0ebd506d52a", "size": 27943, "path": "media/images/reconstruction_0_b446d68368c6bd775f78.png", "format": "png", "width": 640, "height": 480}, "_timestamp": 1701380433.8266146, "_runtime": 14.431206703186035, "_step": 1, "evaluation": 0.4237351417541504, "_wandb": {"runtime": 13}}