{"reconstruction": {"_type": "image-file", "sha256": "cb123160139608b6bd8b5caead86d573190587188af6193235b91538ed01e684", "size": 27847, "path": "media/images/reconstruction_0_cb123160139608b6bd8b.png", "format": "png", "width": 640, "height": 480}, "_timestamp": 1701379192.958587, "_runtime": 13.626446962356567, "_step": 1, "evaluation": 0.4329448938369751, "_wandb": {"runtime": 12}}