{"reconstruction": {"_type": "image-file", "sha256": "4a66ab1c058d9410ac83b63e324563ab5dd1bd97b21b8e1cd2304fc590751abd", "size": 27811, "path": "media/images/reconstruction_0_4a66ab1c058d9410ac83.png", "format": "png", "width": 640, "height": 480}, "_timestamp": 1701379140.3217502, "_runtime": 13.71727705001831, "_step": 1, "evaluation": 0.43199676275253296, "_wandb": {"runtime": 13}}