{"reconstruction": {"_type": "image-file", "sha256": "c901fd7370d4d766dd5ff23f07923a470965352e91ef9f137d3e162dfdce5fbc", "size": 27920, "path": "media/images/reconstruction_0_c901fd7370d4d766dd5f.png", "format": "png", "width": 640, "height": 480}, "_timestamp": 1701380566.9557118, "_runtime": 15.05587887763977, "_step": 1, "evaluation": 0.4275387227535248, "_wandb": {"runtime": 14}}