{"reconstruction": {"_type": "image-file", "sha256": "b00055f122451e5beab7a6d91ba545fd86f965af7cae69f3b2fa68e366227cce", "size": 28060, "path": "media/images/reconstruction_0_b00055f122451e5beab7.png", "format": "png", "width": 640, "height": 480}, "_timestamp": 1701379378.4428098, "_runtime": 14.027556896209717, "_step": 1, "evaluation": 0.4318482577800751, "_wandb": {"runtime": 13}}