{"reconstruction": {"_type": "image-file", "sha256": "6d30e646478ecb28692311f2f0a691203c14cf89f1e5ec2e1249bbb93427f5da", "size": 27925, "path": "media/images/reconstruction_0_6d30e646478ecb286923.png", "format": "png", "width": 640, "height": 480}, "_timestamp": 1701378433.5165632, "_runtime": 13.604608058929443, "_step": 1, "evaluation": 0.4247131943702698, "_wandb": {"runtime": 12}}