{"reconstruction": {"_type": "image-file", "sha256": "45dcc591847c8e433e2c54072a2823214b77b195656026a827b72ff4286bef1e", "size": 27856, "path": "media/images/reconstruction_0_45dcc591847c8e433e2c.png", "format": "png", "width": 640, "height": 480}, "_timestamp": 1701379008.5660768, "_runtime": 13.855942726135254, "_step": 1, "evaluation": 0.4329613447189331, "_wandb": {"runtime": 13}}