{"reconstruction": {"_type": "image-file", "sha256": "8e8662ac25d0a039ecc8014da20ba8eb5ef51db1e30d3ebbef406405edef839f", "size": 28074, "path": "media/images/reconstruction_0_8e8662ac25d0a039ecc8.png", "format": "png", "width": 640, "height": 480}, "_timestamp": 1701379430.538067, "_runtime": 13.633991003036499, "_step": 1, "evaluation": 0.4336220324039459, "_wandb": {"runtime": 13}}