{"reconstruction": {"_type": "image-file", "sha256": "a9863ba5ac4a00ca13a6a8d441642e91b048c8224904d3b0ac40df2c39bd0e50", "size": 28050, "path": "media/images/reconstruction_0_a9863ba5ac4a00ca13a6.png", "format": "png", "width": 640, "height": 480}, "_timestamp": 1701379457.0819087, "_runtime": 13.67104458808899, "_step": 1, "evaluation": 0.4334745705127716, "_wandb": {"runtime": 13}}