{"reconstruction": {"_type": "image-file", "sha256": "49cfe177d3d29f53ac8af74d8bcbcfca4f6dbff161ae54079799f9b5230b0930", "size": 27885, "path": "media/images/reconstruction_0_49cfe177d3d29f53ac8a.png", "format": "png", "width": 640, "height": 480}, "_timestamp": 1701380674.6539028, "_runtime": 17.0392906665802, "_step": 1, "evaluation": 0.42803317308425903, "_wandb": {"runtime": 16}}