{"reconstruction": {"_type": "image-file", "sha256": "c96e16735b6a70aeb9d50dfde9b402b647b56a2bbc78e71605cd4eee38c90869", "size": 30279, "path": "media/images/reconstruction_0_c96e16735b6a70aeb9d5.png", "format": "png", "width": 640, "height": 480}, "_timestamp": 1701381344.093317, "_runtime": 13.751934051513672, "_step": 1, "evaluation": 0.38016277551651, "_wandb": {"runtime": 13}}