{"reconstruction": {"_type": "image-file", "sha256": "d88eef4148e622481dcca366645f590eeeaea6bfa9533aca1fc92fbaedb63836", "size": 28513, "path": "media/images/reconstruction_0_d88eef4148e622481dcc.png", "format": "png", "width": 640, "height": 480}, "_timestamp": 1701380862.2812068, "_runtime": 13.877600908279419, "_step": 1, "evaluation": 0.3798997104167938, "_wandb": {"runtime": 13}}