{"reconstruction": {"_type": "image-file", "sha256": "31a7227f4e81d2240ea5146399582d2a1d9013f1bcbfe202c423b19c33c80a8c", "size": 28051, "path": "media/images/reconstruction_0_31a7227f4e81d2240ea5.png", "format": "png", "width": 640, "height": 480}, "_timestamp": 1701379298.9342372, "_runtime": 13.714059352874756, "_step": 1, "evaluation": 0.43030819296836853, "_wandb": {"runtime": 13}}