{"reconstruction": {"_type": "image-file", "sha256": "24a02e7d8e21efb9b81ebcc30ae0977772e9b5cbab1fb2f415799bbff27392a3", "size": 29692, "path": "media/images/reconstruction_0_24a02e7d8e21efb9b81e.png", "format": "png", "width": 640, "height": 480}, "_timestamp": 1701381161.8185139, "_runtime": 18.18964982032776, "_step": 1, "evaluation": 0.37643200159072876, "_wandb": {"runtime": 13}}