{"reconstruction": {"_type": "image-file", "sha256": "7a6383d115524577b08c2dfa49bcf864103c9c459d4661437d3977d214aaa1d7", "size": 27940, "path": "media/images/reconstruction_0_7a6383d115524577b08c.png", "format": "png", "width": 640, "height": 480}, "_timestamp": 1701380142.7660618, "_runtime": 13.963986873626709, "_step": 1, "evaluation": 0.4244626462459564, "_wandb": {"runtime": 13}}