{"reconstruction": {"_type": "image-file", "sha256": "e838583fcf8a5ab6413930baa304bd41d0b065d547c0cde134a18789b83ff360", "size": 27941, "path": "media/images/reconstruction_0_e838583fcf8a5ab64139.png", "format": "png", "width": 640, "height": 480}, "_timestamp": 1701380353.8022444, "_runtime": 14.443203449249268, "_step": 1, "evaluation": 0.4238041043281555, "_wandb": {"runtime": 13}}