{"reconstruction": {"_type": "image-file", "sha256": "fe63b97cb66c488702eaf569d39f6e95fc3bd50a4915ad2693f54fa8a2426bd2", "size": 27967, "path": "media/images/reconstruction_0_fe63b97cb66c488702ea.png", "format": "png", "width": 640, "height": 480}, "_timestamp": 1701379984.0194597, "_runtime": 13.939581632614136, "_step": 1, "evaluation": 0.4269864857196808, "_wandb": {"runtime": 13}}