{"reconstruction": {"_type": "image-file", "sha256": "86bf6e8fc77e9a192d983431ebdd163a8baa549ee37f526340cee1b555985115", "size": 27940, "path": "media/images/reconstruction_0_86bf6e8fc77e9a192d98.png", "format": "png", "width": 640, "height": 480}, "_timestamp": 1701380248.0093393, "_runtime": 13.992790222167969, "_step": 1, "evaluation": 0.4241717457771301, "_wandb": {"runtime": 13}}