{"reconstruction": {"_type": "image-file", "sha256": "634eb63fedf10353ab9517e4d64f87bc05a257df7e3cf024f395b9bcceadc6b8", "size": 27965, "path": "media/images/reconstruction_0_634eb63fedf10353ab95.png", "format": "png", "width": 640, "height": 480}, "_timestamp": 1701379926.0115876, "_runtime": 13.64932370185852, "_step": 1, "evaluation": 0.42696383595466614, "_wandb": {"runtime": 13}}