{"reconstruction": {"_type": "image-file", "sha256": "eddb2710fa31a49f367af04b309fcf9c2c5cec1b4cc184ca925f634c561e69ab", "size": 27941, "path": "media/images/reconstruction_0_eddb2710fa31a49f367a.png", "format": "png", "width": 640, "height": 480}, "_timestamp": 1701380195.5907207, "_runtime": 14.153040647506714, "_step": 1, "evaluation": 0.4244595468044281, "_wandb": {"runtime": 13}}