{"reconstruction": {"_type": "image-file", "sha256": "64416c58045130dc2452e76d251f7b1b4dc5c8e1254f2c90cb167fada62d9065", "size": 27816, "path": "media/images/reconstruction_0_64416c58045130dc2452.png", "format": "png", "width": 640, "height": 480}, "_timestamp": 1701379167.2951405, "_runtime": 14.320647478103638, "_step": 1, "evaluation": 0.43255615234375, "_wandb": {"runtime": 13}}