{"reconstruction": {"_type": "image-file", "sha256": "8c5ac73ae81c55847baf04607c35311343a8e8387582621249d20a8d3991cfc6", "size": 30138, "path": "media/images/reconstruction_0_8c5ac73ae81c55847baf.png", "format": "png", "width": 640, "height": 480}, "_timestamp": 1701381020.5806065, "_runtime": 13.779260396957397, "_step": 1, "evaluation": 0.3892841041088104, "_wandb": {"runtime": 13}}