{"reconstruction": {"_type": "image-file", "sha256": "6744fd2ce506b4a27188486f3c45f0fbdcc055b92b6ff6a7c1ed9a65ad39344d", "size": 27840, "path": "media/images/reconstruction_0_6744fd2ce506b4a27188.png", "format": "png", "width": 640, "height": 480}, "_timestamp": 1701379034.9445426, "_runtime": 13.588361740112305, "_step": 1, "evaluation": 0.4324072003364563, "_wandb": {"runtime": 12}}