{"reconstruction": {"_type": "image-file", "sha256": "05ca1ebab1eecf1111885e311a23adff96749abb623ae8044bd510b85359f500", "size": 27958, "path": "media/images/reconstruction_0_05ca1ebab1eecf111188.png", "format": "png", "width": 640, "height": 480}, "_timestamp": 1701380037.380311, "_runtime": 14.254231929779053, "_step": 1, "evaluation": 0.428239107131958, "_wandb": {"runtime": 13}}