{"reconstruction": {"_type": "image-file", "sha256": "02cf47db7c18b70f880c4ee3c91e5a4c216e55bc2037f6167990f2d48613812e", "size": 27918, "path": "media/images/reconstruction_0_02cf47db7c18b70f880c.png", "format": "png", "width": 640, "height": 480}, "_timestamp": 1701380514.0021012, "_runtime": 15.157365083694458, "_step": 1, "evaluation": 0.42758214473724365, "_wandb": {"runtime": 14}}