{"reconstruction": {"_type": "image-file", "sha256": "9f3e2cdf7b8de4667c8e33493868b935a2621eca2c0b328136012eeab97eca06", "size": 27926, "path": "media/images/reconstruction_0_9f3e2cdf7b8de4667c8e.png", "format": "png", "width": 640, "height": 480}, "_timestamp": 1701380593.5269985, "_runtime": 14.985166549682617, "_step": 1, "evaluation": 0.4270745515823364, "_wandb": {"runtime": 14}}