{"reconstruction": {"_type": "image-file", "sha256": "73abbe4106f9552e78b0afcacbeba44d9658adab1623aec6b540432dd6305124", "size": 27921, "path": "media/images/reconstruction_0_73abbe4106f9552e78b0.png", "format": "png", "width": 640, "height": 480}, "_timestamp": 1701378796.9726903, "_runtime": 13.675309419631958, "_step": 1, "evaluation": 0.43024083971977234, "_wandb": {"runtime": 13}}