{"reconstruction": {"_type": "image-file", "sha256": "a3f983912707b5a9caac3fe15f8b93b2bc8ea48ee802e405331e6a41ff3bef92", "size": 27943, "path": "media/images/reconstruction_0_a3f983912707b5a9caac.png", "format": "png", "width": 640, "height": 480}, "_timestamp": 1701380327.5979102, "_runtime": 14.6532461643219, "_step": 1, "evaluation": 0.4238123893737793, "_wandb": {"runtime": 13}}