{"reconstruction": {"_type": "image-file", "sha256": "2c53a6b573cb3c28fd588610ea7b5f9ad508f188997eb8268c6f7e673f49bd68", "size": 27948, "path": "media/images/reconstruction_0_2c53a6b573cb3c28fd58.png", "format": "png", "width": 640, "height": 480}, "_timestamp": 1701379536.296847, "_runtime": 13.642059087753296, "_step": 1, "evaluation": 0.4328286647796631, "_wandb": {"runtime": 13}}