{"reconstruction": {"_type": "image-file", "sha256": "c490ef72e7ee43e00cd474fece0331604391928e2b74affc3121d4fa9b89356f", "size": 2306, "path": "media/images/reconstruction_0_c490ef72e7ee43e00cd4.png", "format": "png", "width": 640, "height": 480}, "_timestamp": 1701376109.3053956, "_runtime": 71.86553454399109, "_step": 1, "evaluation": 0.0008017869549803436, "_wandb": {"runtime": 71}}