{"reconstruction": {"_type": "image-file", "sha256": "d393c2d1d0346b6e527abf59537e5f2cafa37ebf7ab22e6c98f29f3387502b4c", "size": 27959, "path": "media/images/reconstruction_0_d393c2d1d0346b6e527a.png", "format": "png", "width": 640, "height": 480}, "_timestamp": 1701379615.6581845, "_runtime": 14.05936050415039, "_step": 1, "evaluation": 0.4245472550392151, "_wandb": {"runtime": 13}}