{"reconstruction": {"_type": "image-file", "sha256": "2b9602fefab524086afe045a6c57583973932744192e18fd82d95c0a35a23d2c", "size": 27959, "path": "media/images/reconstruction_0_2b9602fefab524086afe.png", "format": "png", "width": 640, "height": 480}, "_timestamp": 1701378302.1359973, "_runtime": 13.551273345947266, "_step": 1, "evaluation": 0.4245472550392151, "_wandb": {"runtime": 12}}