{"reconstruction": {"_type": "image-file", "sha256": "9fdb450cbfd9b5d996618e4dc458df27d42b45dae8a19299baa07e7c2bcef36a", "size": 27944, "path": "media/images/reconstruction_0_9fdb450cbfd9b5d99661.png", "format": "png", "width": 640, "height": 480}, "_timestamp": 1701380221.760778, "_runtime": 14.062528848648071, "_step": 1, "evaluation": 0.424153596162796, "_wandb": {"runtime": 13}}