{"reconstruction": {"_type": "image-file", "sha256": "4928cf486150b118eabe152c6f0e21724f89954460e2f27594d8b1536a0c3d83", "size": 27930, "path": "media/images/reconstruction_0_4928cf486150b118eabe.png", "format": "png", "width": 640, "height": 480}, "_timestamp": 1701379789.28074, "_runtime": 13.647763013839722, "_step": 1, "evaluation": 0.4304622709751129, "_wandb": {"runtime": 12}}