{"reconstruction": {"_type": "image-file", "sha256": "299d417cbbcd59e7d002a139a436197fda378ba4b0a45e0601321b41bcd9b3f1", "size": 27842, "path": "media/images/reconstruction_0_299d417cbbcd59e7d002.png", "format": "png", "width": 640, "height": 480}, "_timestamp": 1701379061.6008067, "_runtime": 13.885193824768066, "_step": 1, "evaluation": 0.427206426858902, "_wandb": {"runtime": 13}}