{"reconstruction": {"_type": "image-file", "sha256": "550bf238d4db0f14386f10b27ff3b8ad00cad41a34a4f5777261aa61a0c1b35d", "size": 28338, "path": "media/images/reconstruction_0_550bf238d4db0f14386f.png", "format": "png", "width": 640, "height": 480}, "_timestamp": 1701380836.3103163, "_runtime": 14.300424337387085, "_step": 1, "evaluation": 0.3929598331451416, "_wandb": {"runtime": 13}}