{"reconstruction": {"_type": "image-file", "sha256": "fd10cf97bbb02149ff5a02eb1eb4daa714ec7f62c8a97b812195bfcaf97c09bd", "size": 27898, "path": "media/images/reconstruction_0_fd10cf97bbb02149ff5a.png", "format": "png", "width": 640, "height": 480}, "_timestamp": 1701380812.1837144, "_runtime": 17.34096050262451, "_step": 1, "evaluation": 0.42777585983276367, "_wandb": {"runtime": 16}}