{"reconstruction": {"_type": "image-file", "sha256": "fc24bf7b9ad0f616a899d34bc924552dcafcf582eeb11ca18404631cd27a90e1", "size": 27916, "path": "media/images/reconstruction_0_fc24bf7b9ad0f616a899.png", "format": "png", "width": 640, "height": 480}, "_timestamp": 1701380488.4182215, "_runtime": 16.028247356414795, "_step": 1, "evaluation": 0.4275839030742645, "_wandb": {"runtime": 14}}