{"reconstruction": {"_type": "image-file", "sha256": "9daa010702788b4a86090e6b15893e3b6501bab6db5804a4b8d4f8b10093b132", "size": 27982, "path": "media/images/reconstruction_0_9daa010702788b4a8609.png", "format": "png", "width": 640, "height": 480}, "_timestamp": 1701380063.0546405, "_runtime": 13.64291763305664, "_step": 1, "evaluation": 0.4256519079208374, "_wandb": {"runtime": 13}}