{"reconstruction": {"_type": "image-file", "sha256": "5cd764da91ac8f158ed14133ece9a36a48d7b8c86b312f9e799cf27950c48ac1", "size": 28045, "path": "media/images/reconstruction_0_5cd764da91ac8f158ed1.png", "format": "png", "width": 640, "height": 480}, "_timestamp": 1701378539.3204374, "_runtime": 13.763067483901978, "_step": 1, "evaluation": 0.4302837550640106, "_wandb": {"runtime": 13}}