{"reconstruction": {"_type": "image-file", "sha256": "244a9481a02f572f26e1d9ee516aaac1995d53e13d9a287b0cd94d8d11a6a85c", "size": 27943, "path": "media/images/reconstruction_0_244a9481a02f572f26e1.png", "format": "png", "width": 640, "height": 480}, "_timestamp": 1701378770.382695, "_runtime": 13.574957847595215, "_step": 1, "evaluation": 0.4303622841835022, "_wandb": {"runtime": 12}}