{"reconstruction": {"_type": "image-file", "sha256": "b5bb54a118b8c5ed903ca3b3b77a53aa9d0a20985bc9d0aa13849ab6b9f50a5f", "size": 29938, "path": "media/images/reconstruction_0_b5bb54a118b8c5ed903c.png", "format": "png", "width": 640, "height": 480}, "_timestamp": 1701381396.919338, "_runtime": 13.85508394241333, "_step": 1, "evaluation": 0.37979260087013245, "_wandb": {"runtime": 13}}