{"reconstruction": {"_type": "image-file", "sha256": "174a5b654ba26888d048bb71d89326b308e06c35176a95a1b42ac42655158253", "size": 27849, "path": "media/images/reconstruction_0_174a5b654ba26888d048.png", "format": "png", "width": 640, "height": 480}, "_timestamp": 1701379219.5707884, "_runtime": 13.961423397064209, "_step": 1, "evaluation": 0.4325936734676361, "_wandb": {"runtime": 13}}