{"reconstruction": {"_type": "image-file", "sha256": "0d77ea83cf923a096eab569d922f53f54076b2ae72b9ccacbe60d9a1660c22cb", "size": 27963, "path": "media/images/reconstruction_0_0d77ea83cf923a096eab.png", "format": "png", "width": 640, "height": 480}, "_timestamp": 1701380994.3715386, "_runtime": 14.129515647888184, "_step": 1, "evaluation": 0.43703532218933105, "_wandb": {"runtime": 13}}