{"reconstruction": {"_type": "image-file", "sha256": "ee290882f306cca9c61520cb51ec81df092cd0a0b046145727b6e54014c686f5", "size": 27966, "path": "media/images/reconstruction_0_ee290882f306cca9c615.png", "format": "png", "width": 640, "height": 480}, "_timestamp": 1701379483.2858875, "_runtime": 13.5289945602417, "_step": 1, "evaluation": 0.4268034100532532, "_wandb": {"runtime": 12}}