{"reconstruction": {"_type": "image-file", "sha256": "d521fc7521e093dd97552443305fec262d4197dd51f51f127191130a5812a4eb", "size": 27942, "path": "media/images/reconstruction_0_d521fc7521e093dd9755.png", "format": "png", "width": 640, "height": 480}, "_timestamp": 1701380380.565901, "_runtime": 14.661503076553345, "_step": 1, "evaluation": 0.42379504442214966, "_wandb": {"runtime": 13}}