{"reconstruction": {"_type": "image-file", "sha256": "92ead0568e774fc3a036b68573c73acf696807487314b8c8710a86da958adf7e", "size": 27941, "path": "media/images/reconstruction_0_92ead0568e774fc3a036.png", "format": "png", "width": 640, "height": 480}, "_timestamp": 1701380300.822081, "_runtime": 14.203242063522339, "_step": 1, "evaluation": 0.42381352186203003, "_wandb": {"runtime": 13}}