{"reconstruction": {"_type": "image-file", "sha256": "a3373d6a028b1da5270d8d56143549946b8bfd3630f69ea1b1d24e3dd33ba077", "size": 27943, "path": "media/images/reconstruction_0_a3373d6a028b1da5270d.png", "format": "png", "width": 640, "height": 480}, "_timestamp": 1701378249.9584615, "_runtime": 13.750810623168945, "_step": 1, "evaluation": 0.43315589427948, "_wandb": {"runtime": 13}}