{"reconstruction": {"_type": "image-file", "sha256": "dcb673d0bac45fe481affcc648d32a40e8a0b5588e7354eeaa64345716a27127", "size": 27829, "path": "media/images/reconstruction_0_dcb673d0bac45fe481af.png", "format": "png", "width": 640, "height": 480}, "_timestamp": 1701379245.944611, "_runtime": 13.876135110855103, "_step": 1, "evaluation": 0.4311083257198334, "_wandb": {"runtime": 13}}