{"reconstruction": {"_type": "image-file", "sha256": "3b4bfbf9f1388eb468269472b39fec74993435c1a21abbd6468a0e05cc77f4d4", "size": 27946, "path": "media/images/reconstruction_0_3b4bfbf9f1388eb46826.png", "format": "png", "width": 640, "height": 480}, "_timestamp": 1701378223.3187118, "_runtime": 13.540319681167603, "_step": 1, "evaluation": 0.4329560399055481, "_wandb": {"runtime": 12}}