{"reconstruction": {"_type": "image-file", "sha256": "55b2438354da4e1a81d5923ed9da2f36abc3d872d1377c82a02f5abf9b8c5a9e", "size": 27965, "path": "media/images/reconstruction_0_55b2438354da4e1a81d5.png", "format": "png", "width": 640, "height": 480}, "_timestamp": 1701379957.6736662, "_runtime": 13.863767147064209, "_step": 1, "evaluation": 0.4269663691520691, "_wandb": {"runtime": 13}}