{"reconstruction": {"_type": "image-file", "sha256": "c0889ce1d0b5f7de321c94173940eb7842925fcd467b498db8c566753b936515", "size": 31336, "path": "media/images/reconstruction_0_c0889ce1d0b5f7de321c.png", "format": "png", "width": 640, "height": 480}, "_timestamp": 1701381264.9070656, "_runtime": 13.808007717132568, "_step": 1, "evaluation": 0.4158805310726166, "_wandb": {"runtime": 13}}