{"reconstruction": {"_type": "image-file", "sha256": "893a8df301f13b0f1a0831a2b763f5da4f158cc1aed6819043ba43af0da2527a", "size": 27965, "path": "media/images/reconstruction_0_893a8df301f13b0f1a08.png", "format": "png", "width": 640, "height": 480}, "_timestamp": 1701379899.7266412, "_runtime": 13.726567268371582, "_step": 1, "evaluation": 0.4269617795944214, "_wandb": {"runtime": 13}}