{"reconstruction": {"_type": "image-file", "sha256": "a28e2228bd36763e504214c6eaf05d440a9e45094b106541923bc6c31394f6e3", "size": 27956, "path": "media/images/reconstruction_0_a28e2228bd36763e5042.png", "format": "png", "width": 640, "height": 480}, "_timestamp": 1701379873.1835287, "_runtime": 13.650701761245728, "_step": 1, "evaluation": 0.43126294016838074, "_wandb": {"runtime": 13}}