{"reconstruction": {"_type": "image-file", "sha256": "735d446a25dea118b8cfbfd85c69434200da1236731ca316875ab7bde2422683", "size": 27882, "path": "media/images/reconstruction_0_735d446a25dea118b8cf.png", "format": "png", "width": 640, "height": 480}, "_timestamp": 1701380647.8093536, "_runtime": 16.728076696395874, "_step": 1, "evaluation": 0.42803627252578735, "_wandb": {"runtime": 16}}