{"reconstruction": {"_type": "image-file", "sha256": "4c5691e76dcda1cddf80e5dadd276a00cd56fbad9b6ed4f15638b8d3452b7fef", "size": 27887, "path": "media/images/reconstruction_0_4c5691e76dcda1cddf80.png", "format": "png", "width": 640, "height": 480}, "_timestamp": 1701378849.8256946, "_runtime": 13.595360517501831, "_step": 1, "evaluation": 0.43007567524909973, "_wandb": {"runtime": 12}}