{"reconstruction": {"_type": "image-file", "sha256": "d308b54aa5fc426544b03eb8ed4606fbeb30599f6d5fd822699affb7c3e9e633", "size": 27841, "path": "media/images/reconstruction_0_d308b54aa5fc426544b0.png", "format": "png", "width": 640, "height": 480}, "_timestamp": 1701378982.1517866, "_runtime": 13.89933967590332, "_step": 1, "evaluation": 0.43293502926826477, "_wandb": {"runtime": 13}}