{"reconstruction": {"_type": "image-file", "sha256": "2d3d6d8d8a1ad3ca59683fa959d62913946ebd73763f42c85392f4f52b171915", "size": 27940, "path": "media/images/reconstruction_0_2d3d6d8d8a1ad3ca5968.png", "format": "png", "width": 640, "height": 480}, "_timestamp": 1701380168.965446, "_runtime": 13.88287901878357, "_step": 1, "evaluation": 0.4244609475135803, "_wandb": {"runtime": 13}}