{"reconstruction": {"_type": "image-file", "sha256": "888ec654492483a85c107dcce6873d08dd80d42b8e8266d48a93d7fc1b370714", "size": 28024, "path": "media/images/reconstruction_0_888ec654492483a85c10.png", "format": "png", "width": 640, "height": 480}, "_timestamp": 1701379404.446101, "_runtime": 13.875885009765625, "_step": 1, "evaluation": 0.4324237108230591, "_wandb": {"runtime": 13}}