{"reconstruction": {"_type": "image-file", "sha256": "829282c1caa3ccee6a27e9e450c0832926910a94e34d4cf8142dddd5041c300f", "size": 28056, "path": "media/images/reconstruction_0_829282c1caa3ccee6a27.png", "format": "png", "width": 640, "height": 480}, "_timestamp": 1701378565.5458202, "_runtime": 13.695680141448975, "_step": 1, "evaluation": 0.4297824501991272, "_wandb": {"runtime": 13}}