{"reconstruction": {"_type": "image-file", "sha256": "0b7d361f4cc8563a4367ea3de2bb980415d2dfed441c79df01865671932d26a7", "size": 32126, "path": "media/images/reconstruction_0_0b7d361f4cc8563a4367.png", "format": "png", "width": 640, "height": 480}, "_timestamp": 1701381423.4246016, "_runtime": 13.891330480575562, "_step": 1, "evaluation": 0.411067932844162, "_wandb": {"runtime": 13}}