{"reconstruction": {"_type": "image-file", "sha256": "d5ca4e456493a989eb62de4285500a07f0340f612e310e45f712dc92a5f30d0d", "size": 27942, "path": "media/images/reconstruction_0_d5ca4e456493a989eb62.png", "format": "png", "width": 640, "height": 480}, "_timestamp": 1701380116.4473913, "_runtime": 13.8716721534729, "_step": 1, "evaluation": 0.42446285486221313, "_wandb": {"runtime": 13}}