{"reconstruction": {"_type": "image-file", "sha256": "e289fdd79147a72e45e83e536fa00e79ea20b1470a0198c4ee4febad3b5ae6db", "size": 27938, "path": "media/images/reconstruction_0_e289fdd79147a72e45e8.png", "format": "png", "width": 640, "height": 480}, "_timestamp": 1701379672.5782204, "_runtime": 18.160812377929688, "_step": 1, "evaluation": 0.43055459856987, "_wandb": {"runtime": 17}}