{"reconstruction": {"_type": "image-file", "sha256": "9631e9e25453bbe9efb0d2fd79298d0e8dd83904679afb54ec70b5d8f316d7a8", "size": 27931, "path": "media/images/reconstruction_0_9631e9e25453bbe9efb0.png", "format": "png", "width": 640, "height": 480}, "_timestamp": 1701379763.0578213, "_runtime": 13.645730257034302, "_step": 1, "evaluation": 0.43047869205474854, "_wandb": {"runtime": 12}}