{"reconstruction": {"_type": "image-file", "sha256": "de217c3803ebcf73dc1ad8bbaf82df0365d1c859f2c9c1397614bd1467951a1c", "size": 31196, "path": "media/images/reconstruction_0_de217c3803ebcf73dc1a.png", "format": "png", "width": 640, "height": 480}, "_timestamp": 1701381291.327713, "_runtime": 13.780570030212402, "_step": 1, "evaluation": 0.4093717932701111, "_wandb": {"runtime": 12}}