{"reconstruction": {"_type": "image-file", "sha256": "321d3406276f781c04fff876495a85e046fa782191a649e6c9c1635aa95020d9", "size": 27921, "path": "media/images/reconstruction_0_321d3406276f781c04ff.png", "format": "png", "width": 640, "height": 480}, "_timestamp": 1701379589.3918018, "_runtime": 14.151297807693481, "_step": 1, "evaluation": 0.4335574805736542, "_wandb": {"runtime": 13}}