{"reconstruction": {"_type": "image-file", "sha256": "04e8f874db019f88a1ec0078d612bd3c9be94d346016b66c35503333b4ff8da5", "size": 27976, "path": "media/images/reconstruction_0_04e8f874db019f88a1ec.png", "format": "png", "width": 640, "height": 480}, "_timestamp": 1701378354.8178015, "_runtime": 13.689502477645874, "_step": 1, "evaluation": 0.42534199357032776, "_wandb": {"runtime": 13}}