{"reconstruction": {"_type": "image-file", "sha256": "003d50e90a3bac8d53d489bf34e026f5cd8be4dee6b167aba5cf72e4be48b8d9", "size": 29635, "path": "media/images/reconstruction_0_003d50e90a3bac8d53d4.png", "format": "png", "width": 640, "height": 480}, "_timestamp": 1701381212.2681966, "_runtime": 13.898603677749634, "_step": 1, "evaluation": 0.369974821805954, "_wandb": {"runtime": 13}}