{"reconstruction": {"_type": "image-file", "sha256": "86071eece96d3879abe2788633524aa85ca11ec4e8976d998efc48e39bb60b51", "size": 28564, "path": "media/images/reconstruction_0_86071eece96d3879abe2.png", "format": "png", "width": 640, "height": 480}, "_timestamp": 1701380888.6556137, "_runtime": 13.796260595321655, "_step": 1, "evaluation": 0.3811620771884918, "_wandb": {"runtime": 13}}