{"reconstruction": {"_type": "image-file", "sha256": "f7c8e8bfe2886ac842ed193e34c235d06e8822e03aa5e44c54dcb6508877f9ef", "size": 27943, "path": "media/images/reconstruction_0_f7c8e8bfe2886ac842ed.png", "format": "png", "width": 640, "height": 480}, "_timestamp": 1701378460.0438921, "_runtime": 13.662344217300415, "_step": 1, "evaluation": 0.41957658529281616, "_wandb": {"runtime": 13}}