{"reconstruction": {"_type": "image-file", "sha256": "de7bb5e2cdf3755f30d5cd21ff4727f674792df2f51d1ce847babd0016af545d", "size": 30056, "path": "media/images/reconstruction_0_de7bb5e2cdf3755f30d5.png", "format": "png", "width": 640, "height": 480}, "_timestamp": 1701381080.7789261, "_runtime": 18.204754114151, "_step": 1, "evaluation": 0.38896024227142334, "_wandb": {"runtime": 14}}