{"reconstruction": {"_type": "image-file", "sha256": "bc44b55374b87e7e3d47aec6289eff74507857365e0d109b15eceb48cd370559", "size": 27919, "path": "media/images/reconstruction_0_bc44b55374b87e7e3d47.png", "format": "png", "width": 640, "height": 480}, "_timestamp": 1701380461.060748, "_runtime": 15.051407098770142, "_step": 1, "evaluation": 0.42758527398109436, "_wandb": {"runtime": 14}}