{"reconstruction": {"_type": "image-file", "sha256": "a5c6d31905686bb3b4c3baac7434e993a016a6414cc589bb892601af950ff1ba", "size": 27917, "path": "media/images/reconstruction_0_a5c6d31905686bb3b4c3.png", "format": "png", "width": 640, "height": 480}, "_timestamp": 1701378902.9279082, "_runtime": 13.873186111450195, "_step": 1, "evaluation": 0.4282734990119934, "_wandb": {"runtime": 13}}