{"reconstruction": {"_type": "image-file", "sha256": "b538044035de9f64df7f9d9fae2acc10ff62d73138cab97943a727f394af81f6", "size": 27970, "path": "media/images/reconstruction_0_b538044035de9f64df7f.png", "format": "png", "width": 640, "height": 480}, "_timestamp": 1701378170.7037368, "_runtime": 13.603010892868042, "_step": 1, "evaluation": 0.4268146753311157, "_wandb": {"runtime": 12}}