{"reconstruction": {"_type": "image-file", "sha256": "48048c82323e34f6532ff5deabf1a4c9f8dcdc4737d280e09ec2303b9c962bf1", "size": 28048, "path": "media/images/reconstruction_0_48048c82323e34f6532f.png", "format": "png", "width": 640, "height": 480}, "_timestamp": 1701379351.6598325, "_runtime": 13.625770568847656, "_step": 1, "evaluation": 0.430328369140625, "_wandb": {"runtime": 13}}