{"reconstruction": {"_type": "image-file", "sha256": "f5d6f4ea06e8b5035322823b3dc493081d3123808da9a94eef278526d0cd7744", "size": 27957, "path": "media/images/reconstruction_0_f5d6f4ea06e8b5035322.png", "format": "png", "width": 640, "height": 480}, "_timestamp": 1701379641.811514, "_runtime": 13.743096828460693, "_step": 1, "evaluation": 0.424879252910614, "_wandb": {"runtime": 12}}