{"reconstruction": {"_type": "image-file", "sha256": "cd7a6c34918e2092b6ac49917cb5d51bd299c5b0b414b18ef244c70ab5e0243e", "size": 27886, "path": "media/images/reconstruction_0_cd7a6c34918e2092b6ac.png", "format": "png", "width": 640, "height": 480}, "_timestamp": 1701380701.1721828, "_runtime": 16.90928077697754, "_step": 1, "evaluation": 0.42802920937538147, "_wandb": {"runtime": 16}}