{"reconstruction": {"_type": "image-file", "sha256": "bca86a6bdc8b099230e153f100391e4d9fd80540c4d0f00aedb0fb70e3a18082", "size": 27980, "path": "media/images/reconstruction_0_bca86a6bdc8b099230e1.png", "format": "png", "width": 640, "height": 480}, "_timestamp": 1701378328.4057326, "_runtime": 13.533545732498169, "_step": 1, "evaluation": 0.42534327507019043, "_wandb": {"runtime": 13}}