{"reconstruction": {"_type": "image-file", "sha256": "89064af1f6a6323c10059895f2def8046828f1d67414a792b181dabc8bc5cda6", "size": 27906, "path": "media/images/reconstruction_0_89064af1f6a6323c1005.png", "format": "png", "width": 640, "height": 480}, "_timestamp": 1701378876.6192985, "_runtime": 13.845934391021729, "_step": 1, "evaluation": 0.4288761615753174, "_wandb": {"runtime": 13}}