{"reconstruction": {"_type": "image-file", "sha256": "e5f267a0927393654725c41268ecc4ecb741afc37aa22a7711b025f193321086", "size": 34223, "path": "media/images/reconstruction_0_e5f267a0927393654725.png", "format": "png", "width": 640, "height": 480}, "_timestamp": 1701376307.5699906, "_runtime": 50.25865364074707, "_step": 1, "evaluation": 0.0008017869549803436, "_wandb": {"runtime": 49}}