{"reconstruction": {"_type": "image-file", "sha256": "39ce5790657d5ca33a248483cc0b69a3e490dce9a1ff6f69eb5c98a4d138f66f", "size": 29123, "path": "media/images/reconstruction_0_39ce5790657d5ca33a24.png", "format": "png", "width": 640, "height": 480}, "_timestamp": 1701381185.0507553, "_runtime": 13.890432357788086, "_step": 1, "evaluation": 0.36200034618377686, "_wandb": {"runtime": 13}}