{"reconstruction": {"_type": "image-file", "sha256": "1191131329f2e68dbb35d82ba1895a41cafff76071697bf6ba6ffa0a0d9863b1", "size": 27952, "path": "media/images/reconstruction_0_1191131329f2e68dbb35.png", "format": "png", "width": 640, "height": 480}, "_timestamp": 1701378746.9900756, "_runtime": 16.405967473983765, "_step": 1, "evaluation": 0.4305456280708313, "_wandb": {"runtime": 13}}