{"reconstruction": {"_type": "image-file", "sha256": "b8e235963c3a8c992b19a2aa054d47d155ca58893ecb4794461bda6164d2e4b4", "size": 27884, "path": "media/images/reconstruction_0_b8e235963c3a8c992b19.png", "format": "png", "width": 640, "height": 480}, "_timestamp": 1701380759.0538485, "_runtime": 16.818766593933105, "_step": 1, "evaluation": 0.4277901351451874, "_wandb": {"runtime": 16}}