{"reconstruction": {"_type": "image-file", "sha256": "5e56db5819bea487c6195ae234582156692f358a13545aad3e04748878b44ca2", "size": 31279, "path": "media/images/reconstruction_0_5e56db5819bea487c619.png", "format": "png", "width": 640, "height": 480}, "_timestamp": 1701381239.0630846, "_runtime": 14.28152060508728, "_step": 1, "evaluation": 0.4171764552593231, "_wandb": {"runtime": 13}}