{"reconstruction": {"_type": "image-file", "sha256": "6e79bc45d9859b725a7efba55ccc851a49abae658560c0e8a15340513fcc3141", "size": 27944, "path": "media/images/reconstruction_0_6e79bc45d9859b725a7e.png", "format": "png", "width": 640, "height": 480}, "_timestamp": 1701378486.534258, "_runtime": 13.906562805175781, "_step": 1, "evaluation": 0.419666588306427, "_wandb": {"runtime": 13}}